buying,maint,persons,lug_boot,doors,safety,car,
vhigh,vhigh,2,small,2,low,unacceptable,]
vhigh,vhigh,2,small,2,med,unacceptable,
vhigh,vhigh,2,small,2,high,unacceptable,
vhigh,vhigh,2,med,2,low,unacceptable,
vhigh,vhigh,2,med,2,med,unacceptable,
vhigh,vhigh,2,med,2,high,unacceptable,
vhigh,vhigh,2,big,2,low,unacceptable,
vhigh,vhigh,2,big,2,med,unacceptable,
vhigh,vhigh,2,big,2,high,unacceptable,
vhigh,vhigh,4,small,2,low,unacceptable,
vhigh,vhigh,4,small,2,med,unacceptable,
vhigh,vhigh,4,small,2,high,unacceptable,
vhigh,vhigh,4,med,2,low,unacceptable,
vhigh,vhigh,4,med,2,med,unacceptable,
vhigh,vhigh,4,med,2,high,unacceptable,
vhigh,vhigh,4,big,2,low,unacceptable,
vhigh,vhigh,4,big,2,med,unacceptable,
vhigh,vhigh,4,big,2,high,unacceptable,
vhigh,vhigh,more,small,2,low,unacceptable,
vhigh,vhigh,more,small,2,med,unacceptable,
vhigh,vhigh,more,small,2,high,unacceptable,
vhigh,vhigh,more,med,2,low,unacceptable,
vhigh,vhigh,more,med,2,med,unacceptable,
vhigh,vhigh,more,med,2,high,unacceptable,
vhigh,vhigh,more,big,2,low,unacceptable,
vhigh,vhigh,more,big,2,med,unacceptable,
vhigh,vhigh,more,big,2,high,unacceptable,
vhigh,vhigh,2,small,3,low,unacceptable,
vhigh,vhigh,2,small,3,med,unacceptable,
vhigh,vhigh,2,small,3,high,unacceptable,
vhigh,vhigh,2,med,3,low,unacceptable,
vhigh,vhigh,2,med,3,med,unacceptable,
vhigh,vhigh,2,med,3,high,unacceptable,
vhigh,vhigh,2,big,3,low,unacceptable,
vhigh,vhigh,2,big,3,med,unacceptable,
vhigh,vhigh,2,big,3,high,unacceptable,
vhigh,vhigh,4,small,3,low,unacceptable,
vhigh,vhigh,4,small,3,med,unacceptable,
vhigh,vhigh,4,small,3,high,unacceptable,
vhigh,vhigh,4,med,3,low,unacceptable,
vhigh,vhigh,4,med,3,med,unacceptable,
vhigh,vhigh,4,med,3,high,unacceptable,
vhigh,vhigh,4,big,3,low,unacceptable,
vhigh,vhigh,4,big,3,med,unacceptable,
vhigh,vhigh,4,big,3,high,unacceptable,
vhigh,vhigh,more,small,3,low,unacceptable,
vhigh,vhigh,more,small,3,med,unacceptable,
vhigh,vhigh,more,small,3,high,unacceptable,
vhigh,vhigh,more,med,3,low,unacceptable,
vhigh,vhigh,more,med,3,med,unacceptable,
vhigh,vhigh,more,med,3,high,unacceptable,
vhigh,vhigh,more,big,3,low,unacceptable,
vhigh,vhigh,more,big,3,med,unacceptable,
vhigh,vhigh,more,big,3,high,unacceptable,
vhigh,vhigh,2,small,4,low,unacceptable,
vhigh,vhigh,2,small,4,med,unacceptable,
vhigh,vhigh,2,small,4,high,unacceptable,
vhigh,vhigh,2,med,4,low,unacceptable,
vhigh,vhigh,2,med,4,med,unacceptable,
vhigh,vhigh,2,med,4,high,unacceptable,
vhigh,vhigh,2,big,4,low,unacceptable,
vhigh,vhigh,2,big,4,med,unacceptable,
vhigh,vhigh,2,big,4,high,unacceptable,
vhigh,vhigh,4,small,4,low,unacceptable,
vhigh,vhigh,4,small,4,med,unacceptable,
vhigh,vhigh,4,small,4,high,unacceptable,
vhigh,vhigh,4,med,4,low,unacceptable,
vhigh,vhigh,4,med,4,med,unacceptable,
vhigh,vhigh,4,med,4,high,unacceptable,
vhigh,vhigh,4,big,4,low,unacceptable,
vhigh,vhigh,4,big,4,med,unacceptable,
vhigh,vhigh,4,big,4,high,unacceptable,
vhigh,vhigh,more,small,4,low,unacceptable,
vhigh,vhigh,more,small,4,med,unacceptable,
vhigh,vhigh,more,small,4,high,unacceptable,
vhigh,vhigh,more,med,4,low,unacceptable,
vhigh,vhigh,more,med,4,med,unacceptable,
vhigh,vhigh,more,med,4,high,unacceptable,
vhigh,vhigh,more,big,4,low,unacceptable,
vhigh,vhigh,more,big,4,med,unacceptable,
vhigh,vhigh,more,big,4,high,unacceptable,
vhigh,vhigh,2,small,5more,low,unacceptable,
vhigh,vhigh,2,small,5more,med,unacceptable,
vhigh,vhigh,2,small,5more,high,unacceptable,
vhigh,vhigh,2,med,5more,low,unacceptable,
vhigh,vhigh,2,med,5more,med,unacceptable,
vhigh,vhigh,2,med,5more,high,unacceptable,
vhigh,vhigh,2,big,5more,low,unacceptable,
vhigh,vhigh,2,big,5more,med,unacceptable,
vhigh,vhigh,2,big,5more,high,unacceptable,
vhigh,vhigh,4,small,5more,low,unacceptable,
vhigh,vhigh,4,small,5more,med,unacceptable,
vhigh,vhigh,4,small,5more,high,unacceptable,
vhigh,vhigh,4,med,5more,low,unacceptable,
vhigh,vhigh,4,med,5more,med,unacceptable,
vhigh,vhigh,4,med,5more,high,unacceptable,
vhigh,vhigh,4,big,5more,low,unacceptable,
vhigh,vhigh,4,big,5more,med,unacceptable,
vhigh,vhigh,4,big,5more,high,unacceptable,
vhigh,vhigh,more,small,5more,low,unacceptable,
vhigh,vhigh,more,small,5more,med,unacceptable,
vhigh,vhigh,more,small,5more,high,unacceptable,
vhigh,vhigh,more,med,5more,low,unacceptable,
vhigh,vhigh,more,med,5more,med,unacceptable,
vhigh,vhigh,more,med,5more,high,unacceptable,
vhigh,vhigh,more,big,5more,low,unacceptable,
vhigh,vhigh,more,big,5more,med,unacceptable,
vhigh,vhigh,more,big,5more,high,unacceptable,
vhigh,high,2,small,2,low,unacceptable,
vhigh,high,2,small,2,med,unacceptable,
vhigh,high,2,small,2,high,unacceptable,
vhigh,high,2,med,2,low,unacceptable,
vhigh,high,2,med,2,med,unacceptable,
vhigh,high,2,med,2,high,unacceptable,
vhigh,high,2,big,2,low,unacceptable,
vhigh,high,2,big,2,med,unacceptable,
vhigh,high,2,big,2,high,unacceptable,
vhigh,high,4,small,2,low,unacceptable,
vhigh,high,4,small,2,med,unacceptable,
vhigh,high,4,small,2,high,unacceptable,
vhigh,high,4,med,2,low,unacceptable,
vhigh,high,4,med,2,med,unacceptable,
vhigh,high,4,med,2,high,unacceptable,
vhigh,high,4,big,2,low,unacceptable,
vhigh,high,4,big,2,med,unacceptable,
vhigh,high,4,big,2,high,unacceptable,
vhigh,high,more,small,2,low,unacceptable,
vhigh,high,more,small,2,med,unacceptable,
vhigh,high,more,small,2,high,unacceptable,
vhigh,high,more,med,2,low,unacceptable,
vhigh,high,more,med,2,med,unacceptable,
vhigh,high,more,med,2,high,unacceptable,
vhigh,high,more,big,2,low,unacceptable,
vhigh,high,more,big,2,med,unacceptable,
vhigh,high,more,big,2,high,unacceptable,
vhigh,high,2,small,3,low,unacceptable,
vhigh,high,2,small,3,med,unacceptable,
vhigh,high,2,small,3,high,unacceptable,
vhigh,high,2,med,3,low,unacceptable,
vhigh,high,2,med,3,med,unacceptable,
vhigh,high,2,med,3,high,unacceptable,
vhigh,high,2,big,3,low,unacceptable,
vhigh,high,2,big,3,med,unacceptable,
vhigh,high,2,big,3,high,unacceptable,
vhigh,high,4,small,3,low,unacceptable,
vhigh,high,4,small,3,med,unacceptable,
vhigh,high,4,small,3,high,unacceptable,
vhigh,high,4,med,3,low,unacceptable,
vhigh,high,4,med,3,med,unacceptable,
vhigh,high,4,med,3,high,unacceptable,
vhigh,high,4,big,3,low,unacceptable,
vhigh,high,4,big,3,med,unacceptable,
vhigh,high,4,big,3,high,unacceptable,
vhigh,high,more,small,3,low,unacceptable,
vhigh,high,more,small,3,med,unacceptable,
vhigh,high,more,small,3,high,unacceptable,
vhigh,high,more,med,3,low,unacceptable,
vhigh,high,more,med,3,med,unacceptable,
vhigh,high,more,med,3,high,unacceptable,
vhigh,high,more,big,3,low,unacceptable,
vhigh,high,more,big,3,med,unacceptable,
vhigh,high,more,big,3,high,unacceptable,
vhigh,high,2,small,4,low,unacceptable,
vhigh,high,2,small,4,med,unacceptable,
vhigh,high,2,small,4,high,unacceptable,
vhigh,high,2,med,4,low,unacceptable,
vhigh,high,2,med,4,med,unacceptable,
vhigh,high,2,med,4,high,unacceptable,
vhigh,high,2,big,4,low,unacceptable,
vhigh,high,2,big,4,med,unacceptable,
vhigh,high,2,big,4,high,unacceptable,
vhigh,high,4,small,4,low,unacceptable,
vhigh,high,4,small,4,med,unacceptable,
vhigh,high,4,small,4,high,unacceptable,
vhigh,high,4,med,4,low,unacceptable,
vhigh,high,4,med,4,med,unacceptable,
vhigh,high,4,med,4,high,unacceptable,
vhigh,high,4,big,4,low,unacceptable,
vhigh,high,4,big,4,med,unacceptable,
vhigh,high,4,big,4,high,unacceptable,
vhigh,high,more,small,4,low,unacceptable,
vhigh,high,more,small,4,med,unacceptable,
vhigh,high,more,small,4,high,unacceptable,
vhigh,high,more,med,4,low,unacceptable,
vhigh,high,more,med,4,med,unacceptable,
vhigh,high,more,med,4,high,unacceptable,
vhigh,high,more,big,4,low,unacceptable,
vhigh,high,more,big,4,med,unacceptable,
vhigh,high,more,big,4,high,unacceptable,
vhigh,high,2,small,5more,low,unacceptable,
vhigh,high,2,small,5more,med,unacceptable,
vhigh,high,2,small,5more,high,unacceptable,
vhigh,high,2,med,5more,low,unacceptable,
vhigh,high,2,med,5more,med,unacceptable,
vhigh,high,2,med,5more,high,unacceptable,
vhigh,high,2,big,5more,low,unacceptable,
vhigh,high,2,big,5more,med,unacceptable,
vhigh,high,2,big,5more,high,unacceptable,
vhigh,high,4,small,5more,low,unacceptable,
vhigh,high,4,small,5more,med,unacceptable,
vhigh,high,4,small,5more,high,unacceptable,
vhigh,high,4,med,5more,low,unacceptable,
vhigh,high,4,med,5more,med,unacceptable,
vhigh,high,4,med,5more,high,unacceptable,
vhigh,high,4,big,5more,low,unacceptable,
vhigh,high,4,big,5more,med,unacceptable,
vhigh,high,4,big,5more,high,unacceptable,
vhigh,high,more,small,5more,low,unacceptable,
vhigh,high,more,small,5more,med,unacceptable,
vhigh,high,more,small,5more,high,unacceptable,
vhigh,high,more,med,5more,low,unacceptable,
vhigh,high,more,med,5more,med,unacceptable,
vhigh,high,more,med,5more,high,unacceptable,
vhigh,high,more,big,5more,low,unacceptable,
vhigh,high,more,big,5more,med,unacceptable,
vhigh,high,more,big,5more,high,unacceptable,
vhigh,med,2,small,2,low,unacceptable,
vhigh,med,2,small,2,med,unacceptable,
vhigh,med,2,small,2,high,unacceptable,
vhigh,med,2,med,2,low,unacceptable,
vhigh,med,2,med,2,med,unacceptable,
vhigh,med,2,med,2,high,unacceptable,
vhigh,med,2,big,2,low,unacceptable,
vhigh,med,2,big,2,med,unacceptable,
vhigh,med,2,big,2,high,unacceptable,
vhigh,med,4,small,2,low,unacceptable,
vhigh,med,4,small,2,med,unacceptable,
vhigh,med,4,small,2,high,acceptable,
vhigh,med,4,med,2,low,unacceptable,
vhigh,med,4,med,2,med,unacceptable,
vhigh,med,4,med,2,high,acceptable,
vhigh,med,4,big,2,low,unacceptable,
vhigh,med,4,big,2,med,acceptable,
vhigh,med,4,big,2,high,acceptable,
vhigh,med,more,small,2,low,unacceptable,
vhigh,med,more,small,2,med,unacceptable,
vhigh,med,more,small,2,high,unacceptable,
vhigh,med,more,med,2,low,unacceptable,
vhigh,med,more,med,2,med,unacceptable,
vhigh,med,more,med,2,high,acceptable,
vhigh,med,more,big,2,low,unacceptable,
vhigh,med,more,big,2,med,acceptable,
vhigh,med,more,big,2,high,acceptable,
vhigh,med,2,small,3,low,unacceptable,
vhigh,med,2,small,3,med,unacceptable,
vhigh,med,2,small,3,high,unacceptable,
vhigh,med,2,med,3,low,unacceptable,
vhigh,med,2,med,3,med,unacceptable,
vhigh,med,2,med,3,high,unacceptable,
vhigh,med,2,big,3,low,unacceptable,
vhigh,med,2,big,3,med,unacceptable,
vhigh,med,2,big,3,high,unacceptable,
vhigh,med,4,small,3,low,unacceptable,
vhigh,med,4,small,3,med,unacceptable,
vhigh,med,4,small,3,high,acceptable,
vhigh,med,4,med,3,low,unacceptable,
vhigh,med,4,med,3,med,unacceptable,
vhigh,med,4,med,3,high,acceptable,
vhigh,med,4,big,3,low,unacceptable,
vhigh,med,4,big,3,med,acceptable,
vhigh,med,4,big,3,high,acceptable,
vhigh,med,more,small,3,low,unacceptable,
vhigh,med,more,small,3,med,unacceptable,
vhigh,med,more,small,3,high,acceptable,
vhigh,med,more,med,3,low,unacceptable,
vhigh,med,more,med,3,med,acceptable,
vhigh,med,more,med,3,high,acceptable,
vhigh,med,more,big,3,low,unacceptable,
vhigh,med,more,big,3,med,acceptable,
vhigh,med,more,big,3,high,acceptable,
vhigh,med,2,small,4,low,unacceptable,
vhigh,med,2,small,4,med,unacceptable,
vhigh,med,2,small,4,high,unacceptable,
vhigh,med,2,med,4,low,unacceptable,
vhigh,med,2,med,4,med,unacceptable,
vhigh,med,2,med,4,high,unacceptable,
vhigh,med,2,big,4,low,unacceptable,
vhigh,med,2,big,4,med,unacceptable,
vhigh,med,2,big,4,high,unacceptable,
vhigh,med,4,small,4,low,unacceptable,
vhigh,med,4,small,4,med,unacceptable,
vhigh,med,4,small,4,high,acceptable,
vhigh,med,4,med,4,low,unacceptable,
vhigh,med,4,med,4,med,acceptable,
vhigh,med,4,med,4,high,acceptable,
vhigh,med,4,big,4,low,unacceptable,
vhigh,med,4,big,4,med,acceptable,
vhigh,med,4,big,4,high,acceptable,
vhigh,med,more,small,4,low,unacceptable,
vhigh,med,more,small,4,med,unacceptable,
vhigh,med,more,small,4,high,acceptable,
vhigh,med,more,med,4,low,unacceptable,
vhigh,med,more,med,4,med,acceptable,
vhigh,med,more,med,4,high,acceptable,
vhigh,med,more,big,4,low,unacceptable,
vhigh,med,more,big,4,med,acceptable,
vhigh,med,more,big,4,high,acceptable,
vhigh,med,2,small,5more,low,unacceptable,
vhigh,med,2,small,5more,med,unacceptable,
vhigh,med,2,small,5more,high,unacceptable,
vhigh,med,2,med,5more,low,unacceptable,
vhigh,med,2,med,5more,med,unacceptable,
vhigh,med,2,med,5more,high,unacceptable,
vhigh,med,2,big,5more,low,unacceptable,
vhigh,med,2,big,5more,med,unacceptable,
vhigh,med,2,big,5more,high,unacceptable,
vhigh,med,4,small,5more,low,unacceptable,
vhigh,med,4,small,5more,med,unacceptable,
vhigh,med,4,small,5more,high,acceptable,
vhigh,med,4,med,5more,low,unacceptable,
vhigh,med,4,med,5more,med,acceptable,
vhigh,med,4,med,5more,high,acceptable,
vhigh,med,4,big,5more,low,unacceptable,
vhigh,med,4,big,5more,med,acceptable,
vhigh,med,4,big,5more,high,acceptable,
vhigh,med,more,small,5more,low,unacceptable,
vhigh,med,more,small,5more,med,unacceptable,
vhigh,med,more,small,5more,high,acceptable,
vhigh,med,more,med,5more,low,unacceptable,
vhigh,med,more,med,5more,med,acceptable,
vhigh,med,more,med,5more,high,acceptable,
vhigh,med,more,big,5more,low,unacceptable,
vhigh,med,more,big,5more,med,acceptable,
vhigh,med,more,big,5more,high,acceptable,
vhigh,low,2,small,2,low,unacceptable,
vhigh,low,2,small,2,med,unacceptable,
vhigh,low,2,small,2,high,unacceptable,
vhigh,low,2,med,2,low,unacceptable,
vhigh,low,2,med,2,med,unacceptable,
vhigh,low,2,med,2,high,unacceptable,
vhigh,low,2,big,2,low,unacceptable,
vhigh,low,2,big,2,med,unacceptable,
vhigh,low,2,big,2,high,unacceptable,
vhigh,low,4,small,2,low,unacceptable,
vhigh,low,4,small,2,med,unacceptable,
vhigh,low,4,small,2,high,acceptable,
vhigh,low,4,med,2,low,unacceptable,
vhigh,low,4,med,2,med,unacceptable,
vhigh,low,4,med,2,high,acceptable,
vhigh,low,4,big,2,low,unacceptable,
vhigh,low,4,big,2,med,acceptable,
vhigh,low,4,big,2,high,acceptable,
vhigh,low,more,small,2,low,unacceptable,
vhigh,low,more,small,2,med,unacceptable,
vhigh,low,more,small,2,high,unacceptable,
vhigh,low,more,med,2,low,unacceptable,
vhigh,low,more,med,2,med,unacceptable,
vhigh,low,more,med,2,high,acceptable,
vhigh,low,more,big,2,low,unacceptable,
vhigh,low,more,big,2,med,acceptable,
vhigh,low,more,big,2,high,acceptable,
vhigh,low,2,small,3,low,unacceptable,
vhigh,low,2,small,3,med,unacceptable,
vhigh,low,2,small,3,high,unacceptable,
vhigh,low,2,med,3,low,unacceptable,
vhigh,low,2,med,3,med,unacceptable,
vhigh,low,2,med,3,high,unacceptable,
vhigh,low,2,big,3,low,unacceptable,
vhigh,low,2,big,3,med,unacceptable,
vhigh,low,2,big,3,high,unacceptable,
vhigh,low,4,small,3,low,unacceptable,
vhigh,low,4,small,3,med,unacceptable,
vhigh,low,4,small,3,high,acceptable,
vhigh,low,4,med,3,low,unacceptable,
vhigh,low,4,med,3,med,unacceptable,
vhigh,low,4,med,3,high,acceptable,
vhigh,low,4,big,3,low,unacceptable,
vhigh,low,4,big,3,med,acceptable,
vhigh,low,4,big,3,high,acceptable,
vhigh,low,more,small,3,low,unacceptable,
vhigh,low,more,small,3,med,unacceptable,
vhigh,low,more,small,3,high,acceptable,
vhigh,low,more,med,3,low,unacceptable,
vhigh,low,more,med,3,med,acceptable,
vhigh,low,more,med,3,high,acceptable,
vhigh,low,more,big,3,low,unacceptable,
vhigh,low,more,big,3,med,acceptable,
vhigh,low,more,big,3,high,acceptable,
vhigh,low,2,small,4,low,unacceptable,
vhigh,low,2,small,4,med,unacceptable,
vhigh,low,2,small,4,high,unacceptable,
vhigh,low,2,med,4,low,unacceptable,
vhigh,low,2,med,4,med,unacceptable,
vhigh,low,2,med,4,high,unacceptable,
vhigh,low,2,big,4,low,unacceptable,
vhigh,low,2,big,4,med,unacceptable,
vhigh,low,2,big,4,high,unacceptable,
vhigh,low,4,small,4,low,unacceptable,
vhigh,low,4,small,4,med,unacceptable,
vhigh,low,4,small,4,high,acceptable,
vhigh,low,4,med,4,low,unacceptable,
vhigh,low,4,med,4,med,acceptable,
vhigh,low,4,med,4,high,acceptable,
vhigh,low,4,big,4,low,unacceptable,
vhigh,low,4,big,4,med,acceptable,
vhigh,low,4,big,4,high,acceptable,
vhigh,low,more,small,4,low,unacceptable,
vhigh,low,more,small,4,med,unacceptable,
vhigh,low,more,small,4,high,acceptable,
vhigh,low,more,med,4,low,unacceptable,
vhigh,low,more,med,4,med,acceptable,
vhigh,low,more,med,4,high,acceptable,
vhigh,low,more,big,4,low,unacceptable,
vhigh,low,more,big,4,med,acceptable,
vhigh,low,more,big,4,high,acceptable,
vhigh,low,2,small,5more,low,unacceptable,
vhigh,low,2,small,5more,med,unacceptable,
vhigh,low,2,small,5more,high,unacceptable,
vhigh,low,2,med,5more,low,unacceptable,
vhigh,low,2,med,5more,med,unacceptable,
vhigh,low,2,med,5more,high,unacceptable,
vhigh,low,2,big,5more,low,unacceptable,
vhigh,low,2,big,5more,med,unacceptable,
vhigh,low,2,big,5more,high,unacceptable,
vhigh,low,4,small,5more,low,unacceptable,
vhigh,low,4,small,5more,med,unacceptable,
vhigh,low,4,small,5more,high,acceptable,
vhigh,low,4,med,5more,low,unacceptable,
vhigh,low,4,med,5more,med,acceptable,
vhigh,low,4,med,5more,high,acceptable,
vhigh,low,4,big,5more,low,unacceptable,
vhigh,low,4,big,5more,med,acceptable,
vhigh,low,4,big,5more,high,acceptable,
vhigh,low,more,small,5more,low,unacceptable,
vhigh,low,more,small,5more,med,unacceptable,
vhigh,low,more,small,5more,high,acceptable,
vhigh,low,more,med,5more,low,unacceptable,
vhigh,low,more,med,5more,med,acceptable,
vhigh,low,more,med,5more,high,acceptable,
vhigh,low,more,big,5more,low,unacceptable,
vhigh,low,more,big,5more,med,acceptable,
vhigh,low,more,big,5more,high,acceptable,
high,vhigh,2,small,2,low,unacceptable,
high,vhigh,2,small,2,med,unacceptable,
high,vhigh,2,small,2,high,unacceptable,
high,vhigh,2,med,2,low,unacceptable,
high,vhigh,2,med,2,med,unacceptable,
high,vhigh,2,med,2,high,unacceptable,
high,vhigh,2,big,2,low,unacceptable,
high,vhigh,2,big,2,med,unacceptable,
high,vhigh,2,big,2,high,unacceptable,
high,vhigh,4,small,2,low,unacceptable,
high,vhigh,4,small,2,med,unacceptable,
high,vhigh,4,small,2,high,unacceptable,
high,vhigh,4,med,2,low,unacceptable,
high,vhigh,4,med,2,med,unacceptable,
high,vhigh,4,med,2,high,unacceptable,
high,vhigh,4,big,2,low,unacceptable,
high,vhigh,4,big,2,med,unacceptable,
high,vhigh,4,big,2,high,unacceptable,
high,vhigh,more,small,2,low,unacceptable,
high,vhigh,more,small,2,med,unacceptable,
high,vhigh,more,small,2,high,unacceptable,
high,vhigh,more,med,2,low,unacceptable,
high,vhigh,more,med,2,med,unacceptable,
high,vhigh,more,med,2,high,unacceptable,
high,vhigh,more,big,2,low,unacceptable,
high,vhigh,more,big,2,med,unacceptable,
high,vhigh,more,big,2,high,unacceptable,
high,vhigh,2,small,3,low,unacceptable,
high,vhigh,2,small,3,med,unacceptable,
high,vhigh,2,small,3,high,unacceptable,
high,vhigh,2,med,3,low,unacceptable,
high,vhigh,2,med,3,med,unacceptable,
high,vhigh,2,med,3,high,unacceptable,
high,vhigh,2,big,3,low,unacceptable,
high,vhigh,2,big,3,med,unacceptable,
high,vhigh,2,big,3,high,unacceptable,
high,vhigh,4,small,3,low,unacceptable,
high,vhigh,4,small,3,med,unacceptable,
high,vhigh,4,small,3,high,unacceptable,
high,vhigh,4,med,3,low,unacceptable,
high,vhigh,4,med,3,med,unacceptable,
high,vhigh,4,med,3,high,unacceptable,
high,vhigh,4,big,3,low,unacceptable,
high,vhigh,4,big,3,med,unacceptable,
high,vhigh,4,big,3,high,unacceptable,
high,vhigh,more,small,3,low,unacceptable,
high,vhigh,more,small,3,med,unacceptable,
high,vhigh,more,small,3,high,unacceptable,
high,vhigh,more,med,3,low,unacceptable,
high,vhigh,more,med,3,med,unacceptable,
high,vhigh,more,med,3,high,unacceptable,
high,vhigh,more,big,3,low,unacceptable,
high,vhigh,more,big,3,med,unacceptable,
high,vhigh,more,big,3,high,unacceptable,
high,vhigh,2,small,4,low,unacceptable,
high,vhigh,2,small,4,med,unacceptable,
high,vhigh,2,small,4,high,unacceptable,
high,vhigh,2,med,4,low,unacceptable,
high,vhigh,2,med,4,med,unacceptable,
high,vhigh,2,med,4,high,unacceptable,
high,vhigh,2,big,4,low,unacceptable,
high,vhigh,2,big,4,med,unacceptable,
high,vhigh,2,big,4,high,unacceptable,
high,vhigh,4,small,4,low,unacceptable,
high,vhigh,4,small,4,med,unacceptable,
high,vhigh,4,small,4,high,unacceptable,
high,vhigh,4,med,4,low,unacceptable,
high,vhigh,4,med,4,med,unacceptable,
high,vhigh,4,med,4,high,unacceptable,
high,vhigh,4,big,4,low,unacceptable,
high,vhigh,4,big,4,med,unacceptable,
high,vhigh,4,big,4,high,unacceptable,
high,vhigh,more,small,4,low,unacceptable,
high,vhigh,more,small,4,med,unacceptable,
high,vhigh,more,small,4,high,unacceptable,
high,vhigh,more,med,4,low,unacceptable,
high,vhigh,more,med,4,med,unacceptable,
high,vhigh,more,med,4,high,unacceptable,
high,vhigh,more,big,4,low,unacceptable,
high,vhigh,more,big,4,med,unacceptable,
high,vhigh,more,big,4,high,unacceptable,
high,vhigh,2,small,5more,low,unacceptable,
high,vhigh,2,small,5more,med,unacceptable,
high,vhigh,2,small,5more,high,unacceptable,
high,vhigh,2,med,5more,low,unacceptable,
high,vhigh,2,med,5more,med,unacceptable,
high,vhigh,2,med,5more,high,unacceptable,
high,vhigh,2,big,5more,low,unacceptable,
high,vhigh,2,big,5more,med,unacceptable,
high,vhigh,2,big,5more,high,unacceptable,
high,vhigh,4,small,5more,low,unacceptable,
high,vhigh,4,small,5more,med,unacceptable,
high,vhigh,4,small,5more,high,unacceptable,
high,vhigh,4,med,5more,low,unacceptable,
high,vhigh,4,med,5more,med,unacceptable,
high,vhigh,4,med,5more,high,unacceptable,
high,vhigh,4,big,5more,low,unacceptable,
high,vhigh,4,big,5more,med,unacceptable,
high,vhigh,4,big,5more,high,unacceptable,
high,vhigh,more,small,5more,low,unacceptable,
high,vhigh,more,small,5more,med,unacceptable,
high,vhigh,more,small,5more,high,unacceptable,
high,vhigh,more,med,5more,low,unacceptable,
high,vhigh,more,med,5more,med,unacceptable,
high,vhigh,more,med,5more,high,unacceptable,
high,vhigh,more,big,5more,low,unacceptable,
high,vhigh,more,big,5more,med,unacceptable,
high,vhigh,more,big,5more,high,unacceptable,
high,high,2,small,2,low,unacceptable,
high,high,2,small,2,med,unacceptable,
high,high,2,small,2,high,unacceptable,
high,high,2,med,2,low,unacceptable,
high,high,2,med,2,med,unacceptable,
high,high,2,med,2,high,unacceptable,
high,high,2,big,2,low,unacceptable,
high,high,2,big,2,med,unacceptable,
high,high,2,big,2,high,unacceptable,
high,high,4,small,2,low,unacceptable,
high,high,4,small,2,med,unacceptable,
high,high,4,small,2,high,acceptable,
high,high,4,med,2,low,unacceptable,
high,high,4,med,2,med,unacceptable,
high,high,4,med,2,high,acceptable,
high,high,4,big,2,low,unacceptable,
high,high,4,big,2,med,acceptable,
high,high,4,big,2,high,acceptable,
high,high,more,small,2,low,unacceptable,
high,high,more,small,2,med,unacceptable,
high,high,more,small,2,high,unacceptable,
high,high,more,med,2,low,unacceptable,
high,high,more,med,2,med,unacceptable,
high,high,more,med,2,high,acceptable,
high,high,more,big,2,low,unacceptable,
high,high,more,big,2,med,acceptable,
high,high,more,big,2,high,acceptable,
high,high,2,small,3,low,unacceptable,
high,high,2,small,3,med,unacceptable,
high,high,2,small,3,high,unacceptable,
high,high,2,med,3,low,unacceptable,
high,high,2,med,3,med,unacceptable,
high,high,2,med,3,high,unacceptable,
high,high,2,big,3,low,unacceptable,
high,high,2,big,3,med,unacceptable,
high,high,2,big,3,high,unacceptable,
high,high,4,small,3,low,unacceptable,
high,high,4,small,3,med,unacceptable,
high,high,4,small,3,high,acceptable,
high,high,4,med,3,low,unacceptable,
high,high,4,med,3,med,unacceptable,
high,high,4,med,3,high,acceptable,
high,high,4,big,3,low,unacceptable,
high,high,4,big,3,med,acceptable,
high,high,4,big,3,high,acceptable,
high,high,more,small,3,low,unacceptable,
high,high,more,small,3,med,unacceptable,
high,high,more,small,3,high,acceptable,
high,high,more,med,3,low,unacceptable,
high,high,more,med,3,med,acceptable,
high,high,more,med,3,high,acceptable,
high,high,more,big,3,low,unacceptable,
high,high,more,big,3,med,acceptable,
high,high,more,big,3,high,acceptable,
high,high,2,small,4,low,unacceptable,
high,high,2,small,4,med,unacceptable,
high,high,2,small,4,high,unacceptable,
high,high,2,med,4,low,unacceptable,
high,high,2,med,4,med,unacceptable,
high,high,2,med,4,high,unacceptable,
high,high,2,big,4,low,unacceptable,
high,high,2,big,4,med,unacceptable,
high,high,2,big,4,high,unacceptable,
high,high,4,small,4,low,unacceptable,
high,high,4,small,4,med,unacceptable,
high,high,4,small,4,high,acceptable,
high,high,4,med,4,low,unacceptable,
high,high,4,med,4,med,acceptable,
high,high,4,med,4,high,acceptable,
high,high,4,big,4,low,unacceptable,
high,high,4,big,4,med,acceptable,
high,high,4,big,4,high,acceptable,
high,high,more,small,4,low,unacceptable,
high,high,more,small,4,med,unacceptable,
high,high,more,small,4,high,acceptable,
high,high,more,med,4,low,unacceptable,
high,high,more,med,4,med,acceptable,
high,high,more,med,4,high,acceptable,
high,high,more,big,4,low,unacceptable,
high,high,more,big,4,med,acceptable,
high,high,more,big,4,high,acceptable,
high,high,2,small,5more,low,unacceptable,
high,high,2,small,5more,med,unacceptable,
high,high,2,small,5more,high,unacceptable,
high,high,2,med,5more,low,unacceptable,
high,high,2,med,5more,med,unacceptable,
high,high,2,med,5more,high,unacceptable,
high,high,2,big,5more,low,unacceptable,
high,high,2,big,5more,med,unacceptable,
high,high,2,big,5more,high,unacceptable,
high,high,4,small,5more,low,unacceptable,
high,high,4,small,5more,med,unacceptable,
high,high,4,small,5more,high,acceptable,
high,high,4,med,5more,low,unacceptable,
high,high,4,med,5more,med,acceptable,
high,high,4,med,5more,high,acceptable,
high,high,4,big,5more,low,unacceptable,
high,high,4,big,5more,med,acceptable,
high,high,4,big,5more,high,acceptable,
high,high,more,small,5more,low,unacceptable,
high,high,more,small,5more,med,unacceptable,
high,high,more,small,5more,high,acceptable,
high,high,more,med,5more,low,unacceptable,
high,high,more,med,5more,med,acceptable,
high,high,more,med,5more,high,acceptable,
high,high,more,big,5more,low,unacceptable,
high,high,more,big,5more,med,acceptable,
high,high,more,big,5more,high,acceptable,
high,med,2,small,2,low,unacceptable,
high,med,2,small,2,med,unacceptable,
high,med,2,small,2,high,unacceptable,
high,med,2,med,2,low,unacceptable,
high,med,2,med,2,med,unacceptable,
high,med,2,med,2,high,unacceptable,
high,med,2,big,2,low,unacceptable,
high,med,2,big,2,med,unacceptable,
high,med,2,big,2,high,unacceptable,
high,med,4,small,2,low,unacceptable,
high,med,4,small,2,med,unacceptable,
high,med,4,small,2,high,acceptable,
high,med,4,med,2,low,unacceptable,
high,med,4,med,2,med,unacceptable,
high,med,4,med,2,high,acceptable,
high,med,4,big,2,low,unacceptable,
high,med,4,big,2,med,acceptable,
high,med,4,big,2,high,acceptable,
high,med,more,small,2,low,unacceptable,
high,med,more,small,2,med,unacceptable,
high,med,more,small,2,high,unacceptable,
high,med,more,med,2,low,unacceptable,
high,med,more,med,2,med,unacceptable,
high,med,more,med,2,high,acceptable,
high,med,more,big,2,low,unacceptable,
high,med,more,big,2,med,acceptable,
high,med,more,big,2,high,acceptable,
high,med,2,small,3,low,unacceptable,
high,med,2,small,3,med,unacceptable,
high,med,2,small,3,high,unacceptable,
high,med,2,med,3,low,unacceptable,
high,med,2,med,3,med,unacceptable,
high,med,2,med,3,high,unacceptable,
high,med,2,big,3,low,unacceptable,
high,med,2,big,3,med,unacceptable,
high,med,2,big,3,high,unacceptable,
high,med,4,small,3,low,unacceptable,
high,med,4,small,3,med,unacceptable,
high,med,4,small,3,high,acceptable,
high,med,4,med,3,low,unacceptable,
high,med,4,med,3,med,unacceptable,
high,med,4,med,3,high,acceptable,
high,med,4,big,3,low,unacceptable,
high,med,4,big,3,med,acceptable,
high,med,4,big,3,high,acceptable,
high,med,more,small,3,low,unacceptable,
high,med,more,small,3,med,unacceptable,
high,med,more,small,3,high,acceptable,
high,med,more,med,3,low,unacceptable,
high,med,more,med,3,med,acceptable,
high,med,more,med,3,high,acceptable,
high,med,more,big,3,low,unacceptable,
high,med,more,big,3,med,acceptable,
high,med,more,big,3,high,acceptable,
high,med,2,small,4,low,unacceptable,
high,med,2,small,4,med,unacceptable,
high,med,2,small,4,high,unacceptable,
high,med,2,med,4,low,unacceptable,
high,med,2,med,4,med,unacceptable,
high,med,2,med,4,high,unacceptable,
high,med,2,big,4,low,unacceptable,
high,med,2,big,4,med,unacceptable,
high,med,2,big,4,high,unacceptable,
high,med,4,small,4,low,unacceptable,
high,med,4,small,4,med,unacceptable,
high,med,4,small,4,high,acceptable,
high,med,4,med,4,low,unacceptable,
high,med,4,med,4,med,acceptable,
high,med,4,med,4,high,acceptable,
high,med,4,big,4,low,unacceptable,
high,med,4,big,4,med,acceptable,
high,med,4,big,4,high,acceptable,
high,med,more,small,4,low,unacceptable,
high,med,more,small,4,med,unacceptable,
high,med,more,small,4,high,acceptable,
high,med,more,med,4,low,unacceptable,
high,med,more,med,4,med,acceptable,
high,med,more,med,4,high,acceptable,
high,med,more,big,4,low,unacceptable,
high,med,more,big,4,med,acceptable,
high,med,more,big,4,high,acceptable,
high,med,2,small,5more,low,unacceptable,
high,med,2,small,5more,med,unacceptable,
high,med,2,small,5more,high,unacceptable,
high,med,2,med,5more,low,unacceptable,
high,med,2,med,5more,med,unacceptable,
high,med,2,med,5more,high,unacceptable,
high,med,2,big,5more,low,unacceptable,
high,med,2,big,5more,med,unacceptable,
high,med,2,big,5more,high,unacceptable,
high,med,4,small,5more,low,unacceptable,
high,med,4,small,5more,med,unacceptable,
high,med,4,small,5more,high,acceptable,
high,med,4,med,5more,low,unacceptable,
high,med,4,med,5more,med,acceptable,
high,med,4,med,5more,high,acceptable,
high,med,4,big,5more,low,unacceptable,
high,med,4,big,5more,med,acceptable,
high,med,4,big,5more,high,acceptable,
high,med,more,small,5more,low,unacceptable,
high,med,more,small,5more,med,unacceptable,
high,med,more,small,5more,high,acceptable,
high,med,more,med,5more,low,unacceptable,
high,med,more,med,5more,med,acceptable,
high,med,more,med,5more,high,acceptable,
high,med,more,big,5more,low,unacceptable,
high,med,more,big,5more,med,acceptable,
high,med,more,big,5more,high,acceptable,
high,low,2,small,2,low,unacceptable,
high,low,2,small,2,med,unacceptable,
high,low,2,small,2,high,unacceptable,
high,low,2,med,2,low,unacceptable,
high,low,2,med,2,med,unacceptable,
high,low,2,med,2,high,unacceptable,
high,low,2,big,2,low,unacceptable,
high,low,2,big,2,med,unacceptable,
high,low,2,big,2,high,unacceptable,
high,low,4,small,2,low,unacceptable,
high,low,4,small,2,med,unacceptable,
high,low,4,small,2,high,acceptable,
high,low,4,med,2,low,unacceptable,
high,low,4,med,2,med,unacceptable,
high,low,4,med,2,high,acceptable,
high,low,4,big,2,low,unacceptable,
high,low,4,big,2,med,acceptable,
high,low,4,big,2,high,acceptable,
high,low,more,small,2,low,unacceptable,
high,low,more,small,2,med,unacceptable,
high,low,more,small,2,high,unacceptable,
high,low,more,med,2,low,unacceptable,
high,low,more,med,2,med,unacceptable,
high,low,more,med,2,high,acceptable,
high,low,more,big,2,low,unacceptable,
high,low,more,big,2,med,acceptable,
high,low,more,big,2,high,acceptable,
high,low,2,small,3,low,unacceptable,
high,low,2,small,3,med,unacceptable,
high,low,2,small,3,high,unacceptable,
high,low,2,med,3,low,unacceptable,
high,low,2,med,3,med,unacceptable,
high,low,2,med,3,high,unacceptable,
high,low,2,big,3,low,unacceptable,
high,low,2,big,3,med,unacceptable,
high,low,2,big,3,high,unacceptable,
high,low,4,small,3,low,unacceptable,
high,low,4,small,3,med,unacceptable,
high,low,4,small,3,high,acceptable,
high,low,4,med,3,low,unacceptable,
high,low,4,med,3,med,unacceptable,
high,low,4,med,3,high,acceptable,
high,low,4,big,3,low,unacceptable,
high,low,4,big,3,med,acceptable,
high,low,4,big,3,high,acceptable,
high,low,more,small,3,low,unacceptable,
high,low,more,small,3,med,unacceptable,
high,low,more,small,3,high,acceptable,
high,low,more,med,3,low,unacceptable,
high,low,more,med,3,med,acceptable,
high,low,more,med,3,high,acceptable,
high,low,more,big,3,low,unacceptable,
high,low,more,big,3,med,acceptable,
high,low,more,big,3,high,acceptable,
high,low,2,small,4,low,unacceptable,
high,low,2,small,4,med,unacceptable,
high,low,2,small,4,high,unacceptable,
high,low,2,med,4,low,unacceptable,
high,low,2,med,4,med,unacceptable,
high,low,2,med,4,high,unacceptable,
high,low,2,big,4,low,unacceptable,
high,low,2,big,4,med,unacceptable,
high,low,2,big,4,high,unacceptable,
high,low,4,small,4,low,unacceptable,
high,low,4,small,4,med,unacceptable,
high,low,4,small,4,high,acceptable,
high,low,4,med,4,low,unacceptable,
high,low,4,med,4,med,acceptable,
high,low,4,med,4,high,acceptable,
high,low,4,big,4,low,unacceptable,
high,low,4,big,4,med,acceptable,
high,low,4,big,4,high,acceptable,
high,low,more,small,4,low,unacceptable,
high,low,more,small,4,med,unacceptable,
high,low,more,small,4,high,acceptable,
high,low,more,med,4,low,unacceptable,
high,low,more,med,4,med,acceptable,
high,low,more,med,4,high,acceptable,
high,low,more,big,4,low,unacceptable,
high,low,more,big,4,med,acceptable,
high,low,more,big,4,high,acceptable,
high,low,2,small,5more,low,unacceptable,
high,low,2,small,5more,med,unacceptable,
high,low,2,small,5more,high,unacceptable,
high,low,2,med,5more,low,unacceptable,
high,low,2,med,5more,med,unacceptable,
high,low,2,med,5more,high,unacceptable,
high,low,2,big,5more,low,unacceptable,
high,low,2,big,5more,med,unacceptable,
high,low,2,big,5more,high,unacceptable,
high,low,4,small,5more,low,unacceptable,
high,low,4,small,5more,med,unacceptable,
high,low,4,small,5more,high,acceptable,
high,low,4,med,5more,low,unacceptable,
high,low,4,med,5more,med,acceptable,
high,low,4,med,5more,high,acceptable,
high,low,4,big,5more,low,unacceptable,
high,low,4,big,5more,med,acceptable,
high,low,4,big,5more,high,acceptable,
high,low,more,small,5more,low,unacceptable,
high,low,more,small,5more,med,unacceptable,
high,low,more,small,5more,high,acceptable,
high,low,more,med,5more,low,unacceptable,
high,low,more,med,5more,med,acceptable,
high,low,more,med,5more,high,acceptable,
high,low,more,big,5more,low,unacceptable,
high,low,more,big,5more,med,acceptable,
high,low,more,big,5more,high,acceptable,
med,vhigh,2,small,2,low,unacceptable,
med,vhigh,2,small,2,med,unacceptable,
med,vhigh,2,small,2,high,unacceptable,
med,vhigh,2,med,2,low,unacceptable,
med,vhigh,2,med,2,med,unacceptable,
med,vhigh,2,med,2,high,unacceptable,
med,vhigh,2,big,2,low,unacceptable,
med,vhigh,2,big,2,med,unacceptable,
med,vhigh,2,big,2,high,unacceptable,
med,vhigh,4,small,2,low,unacceptable,
med,vhigh,4,small,2,med,unacceptable,
med,vhigh,4,small,2,high,acceptable,
med,vhigh,4,med,2,low,unacceptable,
med,vhigh,4,med,2,med,unacceptable,
med,vhigh,4,med,2,high,acceptable,
med,vhigh,4,big,2,low,unacceptable,
med,vhigh,4,big,2,med,acceptable,
med,vhigh,4,big,2,high,acceptable,
med,vhigh,more,small,2,low,unacceptable,
med,vhigh,more,small,2,med,unacceptable,
med,vhigh,more,small,2,high,unacceptable,
med,vhigh,more,med,2,low,unacceptable,
med,vhigh,more,med,2,med,unacceptable,
med,vhigh,more,med,2,high,acceptable,
med,vhigh,more,big,2,low,unacceptable,
med,vhigh,more,big,2,med,acceptable,
med,vhigh,more,big,2,high,acceptable,
med,vhigh,2,small,3,low,unacceptable,
med,vhigh,2,small,3,med,unacceptable,
med,vhigh,2,small,3,high,unacceptable,
med,vhigh,2,med,3,low,unacceptable,
med,vhigh,2,med,3,med,unacceptable,
med,vhigh,2,med,3,high,unacceptable,
med,vhigh,2,big,3,low,unacceptable,
med,vhigh,2,big,3,med,unacceptable,
med,vhigh,2,big,3,high,unacceptable,
med,vhigh,4,small,3,low,unacceptable,
med,vhigh,4,small,3,med,unacceptable,
med,vhigh,4,small,3,high,acceptable,
med,vhigh,4,med,3,low,unacceptable,
med,vhigh,4,med,3,med,unacceptable,
med,vhigh,4,med,3,high,acceptable,
med,vhigh,4,big,3,low,unacceptable,
med,vhigh,4,big,3,med,acceptable,
med,vhigh,4,big,3,high,acceptable,
med,vhigh,more,small,3,low,unacceptable,
med,vhigh,more,small,3,med,unacceptable,
med,vhigh,more,small,3,high,acceptable,
med,vhigh,more,med,3,low,unacceptable,
med,vhigh,more,med,3,med,acceptable,
med,vhigh,more,med,3,high,acceptable,
med,vhigh,more,big,3,low,unacceptable,
med,vhigh,more,big,3,med,acceptable,
med,vhigh,more,big,3,high,acceptable,
med,vhigh,2,small,4,low,unacceptable,
med,vhigh,2,small,4,med,unacceptable,
med,vhigh,2,small,4,high,unacceptable,
med,vhigh,2,med,4,low,unacceptable,
med,vhigh,2,med,4,med,unacceptable,
med,vhigh,2,med,4,high,unacceptable,
med,vhigh,2,big,4,low,unacceptable,
med,vhigh,2,big,4,med,unacceptable,
med,vhigh,2,big,4,high,unacceptable,
med,vhigh,4,small,4,low,unacceptable,
med,vhigh,4,small,4,med,unacceptable,
med,vhigh,4,small,4,high,acceptable,
med,vhigh,4,med,4,low,unacceptable,
med,vhigh,4,med,4,med,acceptable,
med,vhigh,4,med,4,high,acceptable,
med,vhigh,4,big,4,low,unacceptable,
med,vhigh,4,big,4,med,acceptable,
med,vhigh,4,big,4,high,acceptable,
med,vhigh,more,small,4,low,unacceptable,
med,vhigh,more,small,4,med,unacceptable,
med,vhigh,more,small,4,high,acceptable,
med,vhigh,more,med,4,low,unacceptable,
med,vhigh,more,med,4,med,acceptable,
med,vhigh,more,med,4,high,acceptable,
med,vhigh,more,big,4,low,unacceptable,
med,vhigh,more,big,4,med,acceptable,
med,vhigh,more,big,4,high,acceptable,
med,vhigh,2,small,5more,low,unacceptable,
med,vhigh,2,small,5more,med,unacceptable,
med,vhigh,2,small,5more,high,unacceptable,
med,vhigh,2,med,5more,low,unacceptable,
med,vhigh,2,med,5more,med,unacceptable,
med,vhigh,2,med,5more,high,unacceptable,
med,vhigh,2,big,5more,low,unacceptable,
med,vhigh,2,big,5more,med,unacceptable,
med,vhigh,2,big,5more,high,unacceptable,
med,vhigh,4,small,5more,low,unacceptable,
med,vhigh,4,small,5more,med,unacceptable,
med,vhigh,4,small,5more,high,acceptable,
med,vhigh,4,med,5more,low,unacceptable,
med,vhigh,4,med,5more,med,acceptable,
med,vhigh,4,med,5more,high,acceptable,
med,vhigh,4,big,5more,low,unacceptable,
med,vhigh,4,big,5more,med,acceptable,
med,vhigh,4,big,5more,high,acceptable,
med,vhigh,more,small,5more,low,unacceptable,
med,vhigh,more,small,5more,med,unacceptable,
med,vhigh,more,small,5more,high,acceptable,
med,vhigh,more,med,5more,low,unacceptable,
med,vhigh,more,med,5more,med,acceptable,
med,vhigh,more,med,5more,high,acceptable,
med,vhigh,more,big,5more,low,unacceptable,
med,vhigh,more,big,5more,med,acceptable,
med,vhigh,more,big,5more,high,acceptable,
med,high,2,small,2,low,unacceptable,
med,high,2,small,2,med,unacceptable,
med,high,2,small,2,high,unacceptable,
med,high,2,med,2,low,unacceptable,
med,high,2,med,2,med,unacceptable,
med,high,2,med,2,high,unacceptable,
med,high,2,big,2,low,unacceptable,
med,high,2,big,2,med,unacceptable,
med,high,2,big,2,high,unacceptable,
med,high,4,small,2,low,unacceptable,
med,high,4,small,2,med,unacceptable,
med,high,4,small,2,high,acceptable,
med,high,4,med,2,low,unacceptable,
med,high,4,med,2,med,unacceptable,
med,high,4,med,2,high,acceptable,
med,high,4,big,2,low,unacceptable,
med,high,4,big,2,med,acceptable,
med,high,4,big,2,high,acceptable,
med,high,more,small,2,low,unacceptable,
med,high,more,small,2,med,unacceptable,
med,high,more,small,2,high,unacceptable,
med,high,more,med,2,low,unacceptable,
med,high,more,med,2,med,unacceptable,
med,high,more,med,2,high,acceptable,
med,high,more,big,2,low,unacceptable,
med,high,more,big,2,med,acceptable,
med,high,more,big,2,high,acceptable,
med,high,2,small,3,low,unacceptable,
med,high,2,small,3,med,unacceptable,
med,high,2,small,3,high,unacceptable,
med,high,2,med,3,low,unacceptable,
med,high,2,med,3,med,unacceptable,
med,high,2,med,3,high,unacceptable,
med,high,2,big,3,low,unacceptable,
med,high,2,big,3,med,unacceptable,
med,high,2,big,3,high,unacceptable,
med,high,4,small,3,low,unacceptable,
med,high,4,small,3,med,unacceptable,
med,high,4,small,3,high,acceptable,
med,high,4,med,3,low,unacceptable,
med,high,4,med,3,med,unacceptable,
med,high,4,med,3,high,acceptable,
med,high,4,big,3,low,unacceptable,
med,high,4,big,3,med,acceptable,
med,high,4,big,3,high,acceptable,
med,high,more,small,3,low,unacceptable,
med,high,more,small,3,med,unacceptable,
med,high,more,small,3,high,acceptable,
med,high,more,med,3,low,unacceptable,
med,high,more,med,3,med,acceptable,
med,high,more,med,3,high,acceptable,
med,high,more,big,3,low,unacceptable,
med,high,more,big,3,med,acceptable,
med,high,more,big,3,high,acceptable,
med,high,2,small,4,low,unacceptable,
med,high,2,small,4,med,unacceptable,
med,high,2,small,4,high,unacceptable,
med,high,2,med,4,low,unacceptable,
med,high,2,med,4,med,unacceptable,
med,high,2,med,4,high,unacceptable,
med,high,2,big,4,low,unacceptable,
med,high,2,big,4,med,unacceptable,
med,high,2,big,4,high,unacceptable,
med,high,4,small,4,low,unacceptable,
med,high,4,small,4,med,unacceptable,
med,high,4,small,4,high,acceptable,
med,high,4,med,4,low,unacceptable,
med,high,4,med,4,med,acceptable,
med,high,4,med,4,high,acceptable,
med,high,4,big,4,low,unacceptable,
med,high,4,big,4,med,acceptable,
med,high,4,big,4,high,acceptable,
med,high,more,small,4,low,unacceptable,
med,high,more,small,4,med,unacceptable,
med,high,more,small,4,high,acceptable,
med,high,more,med,4,low,unacceptable,
med,high,more,med,4,med,acceptable,
med,high,more,med,4,high,acceptable,
med,high,more,big,4,low,unacceptable,
med,high,more,big,4,med,acceptable,
med,high,more,big,4,high,acceptable,
med,high,2,small,5more,low,unacceptable,
med,high,2,small,5more,med,unacceptable,
med,high,2,small,5more,high,unacceptable,
med,high,2,med,5more,low,unacceptable,
med,high,2,med,5more,med,unacceptable,
med,high,2,med,5more,high,unacceptable,
med,high,2,big,5more,low,unacceptable,
med,high,2,big,5more,med,unacceptable,
med,high,2,big,5more,high,unacceptable,
med,high,4,small,5more,low,unacceptable,
med,high,4,small,5more,med,unacceptable,
med,high,4,small,5more,high,acceptable,
med,high,4,med,5more,low,unacceptable,
med,high,4,med,5more,med,acceptable,
med,high,4,med,5more,high,acceptable,
med,high,4,big,5more,low,unacceptable,
med,high,4,big,5more,med,acceptable,
med,high,4,big,5more,high,acceptable,
med,high,more,small,5more,low,unacceptable,
med,high,more,small,5more,med,unacceptable,
med,high,more,small,5more,high,acceptable,
med,high,more,med,5more,low,unacceptable,
med,high,more,med,5more,med,acceptable,
med,high,more,med,5more,high,acceptable,
med,high,more,big,5more,low,unacceptable,
med,high,more,big,5more,med,acceptable,
med,high,more,big,5more,high,acceptable,
med,med,2,small,2,low,unacceptable,
med,med,2,small,2,med,unacceptable,
med,med,2,small,2,high,unacceptable,
med,med,2,med,2,low,unacceptable,
med,med,2,med,2,med,unacceptable,
med,med,2,med,2,high,unacceptable,
med,med,2,big,2,low,unacceptable,
med,med,2,big,2,med,unacceptable,
med,med,2,big,2,high,unacceptable,
med,med,4,small,2,low,unacceptable,
med,med,4,small,2,med,acceptable,
med,med,4,small,2,high,acceptable,
med,med,4,med,2,low,unacceptable,
med,med,4,med,2,med,acceptable,
med,med,4,med,2,high,acceptable,
med,med,4,big,2,low,unacceptable,
med,med,4,big,2,med,acceptable,
med,med,4,big,2,high,vgood,
med,med,more,small,2,low,unacceptable,
med,med,more,small,2,med,unacceptable,
med,med,more,small,2,high,unacceptable,
med,med,more,med,2,low,unacceptable,
med,med,more,med,2,med,acceptable,
med,med,more,med,2,high,acceptable,
med,med,more,big,2,low,unacceptable,
med,med,more,big,2,med,acceptable,
med,med,more,big,2,high,vgood,
med,med,2,small,3,low,unacceptable,
med,med,2,small,3,med,unacceptable,
med,med,2,small,3,high,unacceptable,
med,med,2,med,3,low,unacceptable,
med,med,2,med,3,med,unacceptable,
med,med,2,med,3,high,unacceptable,
med,med,2,big,3,low,unacceptable,
med,med,2,big,3,med,unacceptable,
med,med,2,big,3,high,unacceptable,
med,med,4,small,3,low,unacceptable,
med,med,4,small,3,med,acceptable,
med,med,4,small,3,high,acceptable,
med,med,4,med,3,low,unacceptable,
med,med,4,med,3,med,acceptable,
med,med,4,med,3,high,acceptable,
med,med,4,big,3,low,unacceptable,
med,med,4,big,3,med,acceptable,
med,med,4,big,3,high,vgood,
med,med,more,small,3,low,unacceptable,
med,med,more,small,3,med,acceptable,
med,med,more,small,3,high,acceptable,
med,med,more,med,3,low,unacceptable,
med,med,more,med,3,med,acceptable,
med,med,more,med,3,high,vgood,
med,med,more,big,3,low,unacceptable,
med,med,more,big,3,med,acceptable,
med,med,more,big,3,high,vgood,
med,med,2,small,4,low,unacceptable,
med,med,2,small,4,med,unacceptable,
med,med,2,small,4,high,unacceptable,
med,med,2,med,4,low,unacceptable,
med,med,2,med,4,med,unacceptable,
med,med,2,med,4,high,unacceptable,
med,med,2,big,4,low,unacceptable,
med,med,2,big,4,med,unacceptable,
med,med,2,big,4,high,unacceptable,
med,med,4,small,4,low,unacceptable,
med,med,4,small,4,med,acceptable,
med,med,4,small,4,high,acceptable,
med,med,4,med,4,low,unacceptable,
med,med,4,med,4,med,acceptable,
med,med,4,med,4,high,vgood,
med,med,4,big,4,low,unacceptable,
med,med,4,big,4,med,acceptable,
med,med,4,big,4,high,vgood,
med,med,more,small,4,low,unacceptable,
med,med,more,small,4,med,acceptable,
med,med,more,small,4,high,acceptable,
med,med,more,med,4,low,unacceptable,
med,med,more,med,4,med,acceptable,
med,med,more,med,4,high,vgood,
med,med,more,big,4,low,unacceptable,
med,med,more,big,4,med,acceptable,
med,med,more,big,4,high,vgood,
med,med,2,small,5more,low,unacceptable,
med,med,2,small,5more,med,unacceptable,
med,med,2,small,5more,high,unacceptable,
med,med,2,med,5more,low,unacceptable,
med,med,2,med,5more,med,unacceptable,
med,med,2,med,5more,high,unacceptable,
med,med,2,big,5more,low,unacceptable,
med,med,2,big,5more,med,unacceptable,
med,med,2,big,5more,high,unacceptable,
med,med,4,small,5more,low,unacceptable,
med,med,4,small,5more,med,acceptable,
med,med,4,small,5more,high,acceptable,
med,med,4,med,5more,low,unacceptable,
med,med,4,med,5more,med,acceptable,
med,med,4,med,5more,high,vgood,
med,med,4,big,5more,low,unacceptable,
med,med,4,big,5more,med,acceptable,
med,med,4,big,5more,high,vgood,
med,med,more,small,5more,low,unacceptable,
med,med,more,small,5more,med,acceptable,
med,med,more,small,5more,high,acceptable,
med,med,more,med,5more,low,unacceptable,
med,med,more,med,5more,med,acceptable,
med,med,more,med,5more,high,vgood,
med,med,more,big,5more,low,unacceptable,
med,med,more,big,5more,med,acceptable,
med,med,more,big,5more,high,vgood,
med,low,2,small,2,low,unacceptable,
med,low,2,small,2,med,unacceptable,
med,low,2,small,2,high,unacceptable,
med,low,2,med,2,low,unacceptable,
med,low,2,med,2,med,unacceptable,
med,low,2,med,2,high,unacceptable,
med,low,2,big,2,low,unacceptable,
med,low,2,big,2,med,unacceptable,
med,low,2,big,2,high,unacceptable,
med,low,4,small,2,low,unacceptable,
med,low,4,small,2,med,acceptable,
med,low,4,small,2,high,good,
med,low,4,med,2,low,unacceptable,
med,low,4,med,2,med,acceptable,
med,low,4,med,2,high,good,
med,low,4,big,2,low,unacceptable,
med,low,4,big,2,med,good,
med,low,4,big,2,high,vgood,
med,low,more,small,2,low,unacceptable,
med,low,more,small,2,med,unacceptable,
med,low,more,small,2,high,unacceptable,
med,low,more,med,2,low,unacceptable,
med,low,more,med,2,med,acceptable,
med,low,more,med,2,high,good,
med,low,more,big,2,low,unacceptable,
med,low,more,big,2,med,good,
med,low,more,big,2,high,vgood,
med,low,2,small,3,low,unacceptable,
med,low,2,small,3,med,unacceptable,
med,low,2,small,3,high,unacceptable,
med,low,2,med,3,low,unacceptable,
med,low,2,med,3,med,unacceptable,
med,low,2,med,3,high,unacceptable,
med,low,2,big,3,low,unacceptable,
med,low,2,big,3,med,unacceptable,
med,low,2,big,3,high,unacceptable,
med,low,4,small,3,low,unacceptable,
med,low,4,small,3,med,acceptable,
med,low,4,small,3,high,good,
med,low,4,med,3,low,unacceptable,
med,low,4,med,3,med,acceptable,
med,low,4,med,3,high,good,
med,low,4,big,3,low,unacceptable,
med,low,4,big,3,med,good,
med,low,4,big,3,high,vgood,
med,low,more,small,3,low,unacceptable,
med,low,more,small,3,med,acceptable,
med,low,more,small,3,high,good,
med,low,more,med,3,low,unacceptable,
med,low,more,med,3,med,good,
med,low,more,med,3,high,vgood,
med,low,more,big,3,low,unacceptable,
med,low,more,big,3,med,good,
med,low,more,big,3,high,vgood,
med,low,2,small,4,low,unacceptable,
med,low,2,small,4,med,unacceptable,
med,low,2,small,4,high,unacceptable,
med,low,2,med,4,low,unacceptable,
med,low,2,med,4,med,unacceptable,
med,low,2,med,4,high,unacceptable,
med,low,2,big,4,low,unacceptable,
med,low,2,big,4,med,unacceptable,
med,low,2,big,4,high,unacceptable,
med,low,4,small,4,low,unacceptable,
med,low,4,small,4,med,acceptable,
med,low,4,small,4,high,good,
med,low,4,med,4,low,unacceptable,
med,low,4,med,4,med,good,
med,low,4,med,4,high,vgood,
med,low,4,big,4,low,unacceptable,
med,low,4,big,4,med,good,
med,low,4,big,4,high,vgood,
med,low,more,small,4,low,unacceptable,
med,low,more,small,4,med,acceptable,
med,low,more,small,4,high,good,
med,low,more,med,4,low,unacceptable,
med,low,more,med,4,med,good,
med,low,more,med,4,high,vgood,
med,low,more,big,4,low,unacceptable,
med,low,more,big,4,med,good,
med,low,more,big,4,high,vgood,
med,low,2,small,5more,low,unacceptable,
med,low,2,small,5more,med,unacceptable,
med,low,2,small,5more,high,unacceptable,
med,low,2,med,5more,low,unacceptable,
med,low,2,med,5more,med,unacceptable,
med,low,2,med,5more,high,unacceptable,
med,low,2,big,5more,low,unacceptable,
med,low,2,big,5more,med,unacceptable,
med,low,2,big,5more,high,unacceptable,
med,low,4,small,5more,low,unacceptable,
med,low,4,small,5more,med,acceptable,
med,low,4,small,5more,high,good,
med,low,4,med,5more,low,unacceptable,
med,low,4,med,5more,med,good,
med,low,4,med,5more,high,vgood,
med,low,4,big,5more,low,unacceptable,
med,low,4,big,5more,med,good,
med,low,4,big,5more,high,vgood,
med,low,more,small,5more,low,unacceptable,
med,low,more,small,5more,med,acceptable,
med,low,more,small,5more,high,good,
med,low,more,med,5more,low,unacceptable,
med,low,more,med,5more,med,good,
med,low,more,med,5more,high,vgood,
med,low,more,big,5more,low,unacceptable,
med,low,more,big,5more,med,good,
med,low,more,big,5more,high,vgood,
low,vhigh,2,small,2,low,unacceptable,
low,vhigh,2,small,2,med,unacceptable,
low,vhigh,2,small,2,high,unacceptable,
low,vhigh,2,med,2,low,unacceptable,
low,vhigh,2,med,2,med,unacceptable,
low,vhigh,2,med,2,high,unacceptable,
low,vhigh,2,big,2,low,unacceptable,
low,vhigh,2,big,2,med,unacceptable,
low,vhigh,2,big,2,high,unacceptable,
low,vhigh,4,small,2,low,unacceptable,
low,vhigh,4,small,2,med,unacceptable,
low,vhigh,4,small,2,high,acceptable,
low,vhigh,4,med,2,low,unacceptable,
low,vhigh,4,med,2,med,unacceptable,
low,vhigh,4,med,2,high,acceptable,
low,vhigh,4,big,2,low,unacceptable,
low,vhigh,4,big,2,med,acceptable,
low,vhigh,4,big,2,high,acceptable,
low,vhigh,more,small,2,low,unacceptable,
low,vhigh,more,small,2,med,unacceptable,
low,vhigh,more,small,2,high,unacceptable,
low,vhigh,more,med,2,low,unacceptable,
low,vhigh,more,med,2,med,unacceptable,
low,vhigh,more,med,2,high,acceptable,
low,vhigh,more,big,2,low,unacceptable,
low,vhigh,more,big,2,med,acceptable,
low,vhigh,more,big,2,high,acceptable,
low,vhigh,2,small,3,low,unacceptable,
low,vhigh,2,small,3,med,unacceptable,
low,vhigh,2,small,3,high,unacceptable,
low,vhigh,2,med,3,low,unacceptable,
low,vhigh,2,med,3,med,unacceptable,
low,vhigh,2,med,3,high,unacceptable,
low,vhigh,2,big,3,low,unacceptable,
low,vhigh,2,big,3,med,unacceptable,
low,vhigh,2,big,3,high,unacceptable,
low,vhigh,4,small,3,low,unacceptable,
low,vhigh,4,small,3,med,unacceptable,
low,vhigh,4,small,3,high,acceptable,
low,vhigh,4,med,3,low,unacceptable,
low,vhigh,4,med,3,med,unacceptable,
low,vhigh,4,med,3,high,acceptable,
low,vhigh,4,big,3,low,unacceptable,
low,vhigh,4,big,3,med,acceptable,
low,vhigh,4,big,3,high,acceptable,
low,vhigh,more,small,3,low,unacceptable,
low,vhigh,more,small,3,med,unacceptable,
low,vhigh,more,small,3,high,acceptable,
low,vhigh,more,med,3,low,unacceptable,
low,vhigh,more,med,3,med,acceptable,
low,vhigh,more,med,3,high,acceptable,
low,vhigh,more,big,3,low,unacceptable,
low,vhigh,more,big,3,med,acceptable,
low,vhigh,more,big,3,high,acceptable,
low,vhigh,2,small,4,low,unacceptable,
low,vhigh,2,small,4,med,unacceptable,
low,vhigh,2,small,4,high,unacceptable,
low,vhigh,2,med,4,low,unacceptable,
low,vhigh,2,med,4,med,unacceptable,
low,vhigh,2,med,4,high,unacceptable,
low,vhigh,2,big,4,low,unacceptable,
low,vhigh,2,big,4,med,unacceptable,
low,vhigh,2,big,4,high,unacceptable,
low,vhigh,4,small,4,low,unacceptable,
low,vhigh,4,small,4,med,unacceptable,
low,vhigh,4,small,4,high,acceptable,
low,vhigh,4,med,4,low,unacceptable,
low,vhigh,4,med,4,med,acceptable,
low,vhigh,4,med,4,high,acceptable,
low,vhigh,4,big,4,low,unacceptable,
low,vhigh,4,big,4,med,acceptable,
low,vhigh,4,big,4,high,acceptable,
low,vhigh,more,small,4,low,unacceptable,
low,vhigh,more,small,4,med,unacceptable,
low,vhigh,more,small,4,high,acceptable,
low,vhigh,more,med,4,low,unacceptable,
low,vhigh,more,med,4,med,acceptable,
low,vhigh,more,med,4,high,acceptable,
low,vhigh,more,big,4,low,unacceptable,
low,vhigh,more,big,4,med,acceptable,
low,vhigh,more,big,4,high,acceptable,
low,vhigh,2,small,5more,low,unacceptable,
low,vhigh,2,small,5more,med,unacceptable,
low,vhigh,2,small,5more,high,unacceptable,
low,vhigh,2,med,5more,low,unacceptable,
low,vhigh,2,med,5more,med,unacceptable,
low,vhigh,2,med,5more,high,unacceptable,
low,vhigh,2,big,5more,low,unacceptable,
low,vhigh,2,big,5more,med,unacceptable,
low,vhigh,2,big,5more,high,unacceptable,
low,vhigh,4,small,5more,low,unacceptable,
low,vhigh,4,small,5more,med,unacceptable,
low,vhigh,4,small,5more,high,acceptable,
low,vhigh,4,med,5more,low,unacceptable,
low,vhigh,4,med,5more,med,acceptable,
low,vhigh,4,med,5more,high,acceptable,
low,vhigh,4,big,5more,low,unacceptable,
low,vhigh,4,big,5more,med,acceptable,
low,vhigh,4,big,5more,high,acceptable,
low,vhigh,more,small,5more,low,unacceptable,
low,vhigh,more,small,5more,med,unacceptable,
low,vhigh,more,small,5more,high,acceptable,
low,vhigh,more,med,5more,low,unacceptable,
low,vhigh,more,med,5more,med,acceptable,
low,vhigh,more,med,5more,high,acceptable,
low,vhigh,more,big,5more,low,unacceptable,
low,vhigh,more,big,5more,med,acceptable,
low,vhigh,more,big,5more,high,acceptable,
low,high,2,small,2,low,unacceptable,
low,high,2,small,2,med,unacceptable,
low,high,2,small,2,high,unacceptable,
low,high,2,med,2,low,unacceptable,
low,high,2,med,2,med,unacceptable,
low,high,2,med,2,high,unacceptable,
low,high,2,big,2,low,unacceptable,
low,high,2,big,2,med,unacceptable,
low,high,2,big,2,high,unacceptable,
low,high,4,small,2,low,unacceptable,
low,high,4,small,2,med,acceptable,
low,high,4,small,2,high,acceptable,
low,high,4,med,2,low,unacceptable,
low,high,4,med,2,med,acceptable,
low,high,4,med,2,high,acceptable,
low,high,4,big,2,low,unacceptable,
low,high,4,big,2,med,acceptable,
low,high,4,big,2,high,vgood,
low,high,more,small,2,low,unacceptable,
low,high,more,small,2,med,unacceptable,
low,high,more,small,2,high,unacceptable,
low,high,more,med,2,low,unacceptable,
low,high,more,med,2,med,acceptable,
low,high,more,med,2,high,acceptable,
low,high,more,big,2,low,unacceptable,
low,high,more,big,2,med,acceptable,
low,high,more,big,2,high,vgood,
low,high,2,small,3,low,unacceptable,
low,high,2,small,3,med,unacceptable,
low,high,2,small,3,high,unacceptable,
low,high,2,med,3,low,unacceptable,
low,high,2,med,3,med,unacceptable,
low,high,2,med,3,high,unacceptable,
low,high,2,big,3,low,unacceptable,
low,high,2,big,3,med,unacceptable,
low,high,2,big,3,high,unacceptable,
low,high,4,small,3,low,unacceptable,
low,high,4,small,3,med,acceptable,
low,high,4,small,3,high,acceptable,
low,high,4,med,3,low,unacceptable,
low,high,4,med,3,med,acceptable,
low,high,4,med,3,high,acceptable,
low,high,4,big,3,low,unacceptable,
low,high,4,big,3,med,acceptable,
low,high,4,big,3,high,vgood,
low,high,more,small,3,low,unacceptable,
low,high,more,small,3,med,acceptable,
low,high,more,small,3,high,acceptable,
low,high,more,med,3,low,unacceptable,
low,high,more,med,3,med,acceptable,
low,high,more,med,3,high,vgood,
low,high,more,big,3,low,unacceptable,
low,high,more,big,3,med,acceptable,
low,high,more,big,3,high,vgood,
low,high,2,small,4,low,unacceptable,
low,high,2,small,4,med,unacceptable,
low,high,2,small,4,high,unacceptable,
low,high,2,med,4,low,unacceptable,
low,high,2,med,4,med,unacceptable,
low,high,2,med,4,high,unacceptable,
low,high,2,big,4,low,unacceptable,
low,high,2,big,4,med,unacceptable,
low,high,2,big,4,high,unacceptable,
low,high,4,small,4,low,unacceptable,
low,high,4,small,4,med,acceptable,
low,high,4,small,4,high,acceptable,
low,high,4,med,4,low,unacceptable,
low,high,4,med,4,med,acceptable,
low,high,4,med,4,high,vgood,
low,high,4,big,4,low,unacceptable,
low,high,4,big,4,med,acceptable,
low,high,4,big,4,high,vgood,
low,high,more,small,4,low,unacceptable,
low,high,more,small,4,med,acceptable,
low,high,more,small,4,high,acceptable,
low,high,more,med,4,low,unacceptable,
low,high,more,med,4,med,acceptable,
low,high,more,med,4,high,vgood,
low,high,more,big,4,low,unacceptable,
low,high,more,big,4,med,acceptable,
low,high,more,big,4,high,vgood,
low,high,2,small,5more,low,unacceptable,
low,high,2,small,5more,med,unacceptable,
low,high,2,small,5more,high,unacceptable,
low,high,2,med,5more,low,unacceptable,
low,high,2,med,5more,med,unacceptable,
low,high,2,med,5more,high,unacceptable,
low,high,2,big,5more,low,unacceptable,
low,high,2,big,5more,med,unacceptable,
low,high,2,big,5more,high,unacceptable,
low,high,4,small,5more,low,unacceptable,
low,high,4,small,5more,med,acceptable,
low,high,4,small,5more,high,acceptable,
low,high,4,med,5more,low,unacceptable,
low,high,4,med,5more,med,acceptable,
low,high,4,med,5more,high,vgood,
low,high,4,big,5more,low,unacceptable,
low,high,4,big,5more,med,acceptable,
low,high,4,big,5more,high,vgood,
low,high,more,small,5more,low,unacceptable,
low,high,more,small,5more,med,acceptable,
low,high,more,small,5more,high,acceptable,
low,high,more,med,5more,low,unacceptable,
low,high,more,med,5more,med,acceptable,
low,high,more,med,5more,high,vgood,
low,high,more,big,5more,low,unacceptable,
low,high,more,big,5more,med,acceptable,
low,high,more,big,5more,high,vgood,
low,med,2,small,2,low,unacceptable,
low,med,2,small,2,med,unacceptable,
low,med,2,small,2,high,unacceptable,
low,med,2,med,2,low,unacceptable,
low,med,2,med,2,med,unacceptable,
low,med,2,med,2,high,unacceptable,
low,med,2,big,2,low,unacceptable,
low,med,2,big,2,med,unacceptable,
low,med,2,big,2,high,unacceptable,
low,med,4,small,2,low,unacceptable,
low,med,4,small,2,med,acceptable,
low,med,4,small,2,high,good,
low,med,4,med,2,low,unacceptable,
low,med,4,med,2,med,acceptable,
low,med,4,med,2,high,good,
low,med,4,big,2,low,unacceptable,
low,med,4,big,2,med,good,
low,med,4,big,2,high,vgood,
low,med,more,small,2,low,unacceptable,
low,med,more,small,2,med,unacceptable,
low,med,more,small,2,high,unacceptable,
low,med,more,med,2,low,unacceptable,
low,med,more,med,2,med,acceptable,
low,med,more,med,2,high,good,
low,med,more,big,2,low,unacceptable,
low,med,more,big,2,med,good,
low,med,more,big,2,high,vgood,
low,med,2,small,3,low,unacceptable,
low,med,2,small,3,med,unacceptable,
low,med,2,small,3,high,unacceptable,
low,med,2,med,3,low,unacceptable,
low,med,2,med,3,med,unacceptable,
low,med,2,med,3,high,unacceptable,
low,med,2,big,3,low,unacceptable,
low,med,2,big,3,med,unacceptable,
low,med,2,big,3,high,unacceptable,
low,med,4,small,3,low,unacceptable,
low,med,4,small,3,med,acceptable,
low,med,4,small,3,high,good,
low,med,4,med,3,low,unacceptable,
low,med,4,med,3,med,acceptable,
low,med,4,med,3,high,good,
low,med,4,big,3,low,unacceptable,
low,med,4,big,3,med,good,
low,med,4,big,3,high,vgood,
low,med,more,small,3,low,unacceptable,
low,med,more,small,3,med,acceptable,
low,med,more,small,3,high,good,
low,med,more,med,3,low,unacceptable,
low,med,more,med,3,med,good,
low,med,more,med,3,high,vgood,
low,med,more,big,3,low,unacceptable,
low,med,more,big,3,med,good,
low,med,more,big,3,high,vgood,
low,med,2,small,4,low,unacceptable,
low,med,2,small,4,med,unacceptable,
low,med,2,small,4,high,unacceptable,
low,med,2,med,4,low,unacceptable,
low,med,2,med,4,med,unacceptable,
low,med,2,med,4,high,unacceptable,
low,med,2,big,4,low,unacceptable,
low,med,2,big,4,med,unacceptable,
low,med,2,big,4,high,unacceptable,
low,med,4,small,4,low,unacceptable,
low,med,4,small,4,med,acceptable,
low,med,4,small,4,high,good,
low,med,4,med,4,low,unacceptable,
low,med,4,med,4,med,good,
low,med,4,med,4,high,vgood,
low,med,4,big,4,low,unacceptable,
low,med,4,big,4,med,good,
low,med,4,big,4,high,vgood,
low,med,more,small,4,low,unacceptable,
low,med,more,small,4,med,acceptable,
low,med,more,small,4,high,good,
low,med,more,med,4,low,unacceptable,
low,med,more,med,4,med,good,
low,med,more,med,4,high,vgood,
low,med,more,big,4,low,unacceptable,
low,med,more,big,4,med,good,
low,med,more,big,4,high,vgood,
low,med,2,small,5more,low,unacceptable,
low,med,2,small,5more,med,unacceptable,
low,med,2,small,5more,high,unacceptable,
low,med,2,med,5more,low,unacceptable,
low,med,2,med,5more,med,unacceptable,
low,med,2,med,5more,high,unacceptable,
low,med,2,big,5more,low,unacceptable,
low,med,2,big,5more,med,unacceptable,
low,med,2,big,5more,high,unacceptable,
low,med,4,small,5more,low,unacceptable,
low,med,4,small,5more,med,acceptable,
low,med,4,small,5more,high,good,
low,med,4,med,5more,low,unacceptable,
low,med,4,med,5more,med,good,
low,med,4,med,5more,high,vgood,
low,med,4,big,5more,low,unacceptable,
low,med,4,big,5more,med,good,
low,med,4,big,5more,high,vgood,
low,med,more,small,5more,low,unacceptable,
low,med,more,small,5more,med,acceptable,
low,med,more,small,5more,high,good,
low,med,more,med,5more,low,unacceptable,
low,med,more,med,5more,med,good,
low,med,more,med,5more,high,vgood,
low,med,more,big,5more,low,unacceptable,
low,med,more,big,5more,med,good,
low,med,more,big,5more,high,vgood,
low,low,2,small,2,low,unacceptable,
low,low,2,small,2,med,unacceptable,
low,low,2,small,2,high,unacceptable,
low,low,2,med,2,low,unacceptable,
low,low,2,med,2,med,unacceptable,
low,low,2,med,2,high,unacceptable,
low,low,2,big,2,low,unacceptable,
low,low,2,big,2,med,unacceptable,
low,low,2,big,2,high,unacceptable,
low,low,4,small,2,low,unacceptable,
low,low,4,small,2,med,acceptable,
low,low,4,small,2,high,good,
low,low,4,med,2,low,unacceptable,
low,low,4,med,2,med,acceptable,
low,low,4,med,2,high,good,
low,low,4,big,2,low,unacceptable,
low,low,4,big,2,med,good,
low,low,4,big,2,high,vgood,
low,low,more,small,2,low,unacceptable,
low,low,more,small,2,med,unacceptable,
low,low,more,small,2,high,unacceptable,
low,low,more,med,2,low,unacceptable,
low,low,more,med,2,med,acceptable,
low,low,more,med,2,high,good,
low,low,more,big,2,low,unacceptable,
low,low,more,big,2,med,good,
low,low,more,big,2,high,vgood,
low,low,2,small,3,low,unacceptable,
low,low,2,small,3,med,unacceptable,
low,low,2,small,3,high,unacceptable,
low,low,2,med,3,low,unacceptable,
low,low,2,med,3,med,unacceptable,
low,low,2,med,3,high,unacceptable,
low,low,2,big,3,low,unacceptable,
low,low,2,big,3,med,unacceptable,
low,low,2,big,3,high,unacceptable,
low,low,4,small,3,low,unacceptable,
low,low,4,small,3,med,acceptable,
low,low,4,small,3,high,good,
low,low,4,med,3,low,unacceptable,
low,low,4,med,3,med,acceptable,
low,low,4,med,3,high,good,
low,low,4,big,3,low,unacceptable,
low,low,4,big,3,med,good,
low,low,4,big,3,high,vgood,
low,low,more,small,3,low,unacceptable,
low,low,more,small,3,med,acceptable,
low,low,more,small,3,high,good,
low,low,more,med,3,low,unacceptable,
low,low,more,med,3,med,good,
low,low,more,med,3,high,vgood,
low,low,more,big,3,low,unacceptable,
low,low,more,big,3,med,good,
low,low,more,big,3,high,vgood,
low,low,2,small,4,low,unacceptable,
low,low,2,small,4,med,unacceptable,
low,low,2,small,4,high,unacceptable,
low,low,2,med,4,low,unacceptable,
low,low,2,med,4,med,unacceptable,
low,low,2,med,4,high,unacceptable,
low,low,2,big,4,low,unacceptable,
low,low,2,big,4,med,unacceptable,
low,low,2,big,4,high,unacceptable,
low,low,4,small,4,low,unacceptable,
low,low,4,small,4,med,acceptable,
low,low,4,small,4,high,good,
low,low,4,med,4,low,unacceptable,
low,low,4,med,4,med,good,
low,low,4,med,4,high,vgood,
low,low,4,big,4,low,unacceptable,
low,low,4,big,4,med,good,
low,low,4,big,4,high,vgood,
low,low,more,small,4,low,unacceptable,
low,low,more,small,4,med,acceptable,
low,low,more,small,4,high,good,
low,low,more,med,4,low,unacceptable,
low,low,more,med,4,med,good,
low,low,more,med,4,high,vgood,
low,low,more,big,4,low,unacceptable,
low,low,more,big,4,med,good,
low,low,more,big,4,high,vgood,
low,low,2,small,5more,low,unacceptable,
low,low,2,small,5more,med,unacceptable,
low,low,2,small,5more,high,unacceptable,
low,low,2,med,5more,low,unacceptable,
low,low,2,med,5more,med,unacceptable,
low,low,2,med,5more,high,unacceptable,
low,low,2,big,5more,low,unacceptable,
low,low,2,big,5more,med,unacceptable,
low,low,2,big,5more,high,unacceptable,
low,low,4,small,5more,low,unacceptable,
low,low,4,small,5more,med,acceptable,
low,low,4,small,5more,high,good,
low,low,4,med,5more,low,unacceptable,
low,low,4,med,5more,med,good,
low,low,4,med,5more,high,vgood,
low,low,4,big,5more,low,unacceptable,
low,low,4,big,5more,med,good,
low,low,4,big,5more,high,vgood,
low,low,more,small,5more,low,unacceptable,
low,low,more,small,5more,med,acceptable,
low,low,more,small,5more,high,good,
low,low,more,med,5more,low,unacceptable,
low,low,more,med,5more,med,good,
low,low,more,med,5more,high,vgood,
low,low,more,big,5more,low,unacceptable,
low,low,more,big,5more,med,good,
low,low,more,big,5more,high,vgood,
